L,,,,,,R,,,,,
高速顺时针,中速顺时针,低速顺时针,高速逆时针,中速逆时针,低速逆时针,高速顺时针,中速顺时针,低速顺时针,高速逆时针,中速逆时针,低速逆时针
27.7031,12.1894,6.09469,-27.7031,-6.09469,-6.09469,-22.1625,-18.2841,-5.54063,33.2438,11.0813,6.09469
30.4734,11.0813,11.0813,-24.3788,-11.0813,-5.54063,-24.3788,-11.0813,-6.09469,36.5681,24.3788,5.54063
27.7031,18.2841,6.09469,-33.2438,0,-6.09469,-16.6219,-18.2841,-11.0813,22.1625,27.7031,6.09469
30.4734,11.0813,11.0813,-30.4734,-5.54063,-5.54063,-24.3788,-5.54063,0,30.4734,18.2841,0
33.2438,18.2841,6.09469,-27.7031,-6.09469,-6.09469,-27.7031,-18.2841,-5.54063,33.2438,16.6219,6.09469
36.5681,16.6219,11.0813,-24.3788,-11.0813,-5.54063,-30.4734,-11.0813,-6.09469,36.5681,12.1894,5.54063
33.2438,48.7575,6.09469,-22.1625,-6.09469,-6.09469,-22.1625,-18.2841,-5.54063,66.4875,11.0813,6.09469
36.5681,16.6219,5.54063,-18.2841,-5.54063,0,-30.4734,-11.0813,0,30.4734,18.2841,5.54063
55.4063,18.2841,6.09469,-27.7031,-6.09469,-6.09469,-22.1625,-12.1894,-5.54063,33.2438,11.0813,6.09469
30.4734,16.6219,11.0813,-24.3788,-11.0813,-5.54063,-18.2841,-11.0813,0,24.3788,12.1894,0
33.2438,12.1894,6.09469,-27.7031,-6.09469,-6.09469,-22.1625,-12.1894,-11.0813,27.7031,11.0813,6.09469
0,16.6219,0,-73.1363,-11.0813,-5.54063,-24.3788,-22.1625,0,42.6628,12.1894,11.0813
33.2438,18.2841,12.1894,-22.1625,0,0,-44.325,-12.1894,0,33.2438,11.0813,6.09469
36.5681,11.0813,5.54063,-24.3788,-11.0813,-11.0813,-30.4734,-11.0813,-6.09469,36.5681,18.2841,0
33.2438,12.1894,6.09469,-22.1625,-6.09469,0,-27.7031,-18.2841,-5.54063,33.2438,11.0813,6.09469
30.4734,16.6219,5.54063,-30.4734,-5.54063,-11.0813,-30.4734,-5.54063,0,30.4734,18.2841,11.0813
27.7031,12.1894,12.1894,-22.1625,-12.1894,0,-22.1625,-18.2841,-5.54063,27.7031,16.6219,0
30.4734,16.6219,11.0813,-24.3788,-11.0813,-5.54063,0,-16.6219,-6.09469,30.4734,18.2841,5.54063
27.7031,18.2841,6.09469,-27.7031,-6.09469,-6.09469,-22.1625,-12.1894,-5.54063,38.7844,11.0813,6.09469
42.6628,16.6219,5.54063,-36.5681,-5.54063,0,-18.2841,-19.2841,-6.09469,36.5681,18.2841,11.0813
33.2438,24.3788,6.09469,-22.1625,-12.1894,-12.1894,-22.1625,-11.0813,-5.54063,38.7844,16.6219,0
30.4734,16.6219,11.0813,0,-5.54063,0,-24.3788,-18.2841,-6.09469,36.5681,12.1894,5.54063
27.7031,42.6628,6.09469,-27.7031,-6.09469,-6.09469,-22.1625,-11.0813,-5.54063,27.7031,16.6219,0
67.0416,16.6219,5.54063,-48.7575,-16.6219,-5.54063,-30.4734,-12.1894,0,67.0416,12.1894,16.6219
27.7031,12.1894,12.1894,-16.6219,-6.09469,-6.09469,-49.8656,-33.2438,-5.54063,33.2438,11.0813,6.09469
36.5681,16.6219,11.0813,-24.3788,-11.0813,-11.0813,-24.3788,-12.1894,0,42.6628,12.1894,5.54063
33.2438,18.2841,6.09469,-27.7031,-6.09469,-6.09469,-22.1625,-16.6219,-5.54063,27.7031,11.0813,6.09469
36.5681,16.6219,11.0813,-36.5681,-5.54063,-11.0813,-24.3788,-6.09469,-6.09469,30.4734,12.1894,5.54063
27.7031,12.1894,6.09469,-27.7031,-6.09469,0,-22.1625,-16.6219,-5.54063,22.1625,11.0813,6.09469
30.4734,16.6219,11.0813,-30.4734,-5.54063,0,-24.3788,-6.09469,-6.09469,36.5681,0,5.54063
27.7031,18.2841,6.09469,-22.1625,-12.1894,-6.09469,-22.1625,-16.6219,-5.54063,27.7031,22.1625,12.1894
36.5681,16.6219,16.6219,-30.4734,-5.54063,-11.0813,-30.4734,-6.09469,-6.09469,42.6628,12.1894,5.54063
27.7031,0,6.09469,-16.6219,-6.09469,-6.09469,-33.2438,-11.0813,-5.54063,33.2438,16.6219,0
42.6628,38.7844,5.54063,-18.2841,-5.54063,-5.54063,-24.3788,-12.1894,-6.09469,67.0416,18.2841,11.0813
33.2438,18.2841,6.09469,-22.1625,-6.09469,-6.09469,-27.7031,-11.0813,-11.0813,22.1625,16.6219,6.09469
67.0416,22.1625,11.0813,-24.3788,-5.54063,-5.54063,-24.3788,-12.1894,-12.1894,30.4734,12.1894,5.54063
27.7031,12.1894,6.09469,-60.9469,-6.09469,-6.09469,-22.1625,-11.0813,0,33.2438,16.6219,6.09469
30.4734,16.6219,5.54063,-30.4734,-5.54063,-5.54063,-48.7575,-12.1894,-12.1894,36.5681,30.4734,5.54063
33.2438,18.2841,6.09469,-27.7031,-18.2841,-6.09469,-22.1625,-11.0813,-5.54063,38.7844,16.6219,6.09469
42.6628,11.0813,11.0813,-18.2841,0,-11.0813,-30.4734,-12.1894,-6.09469,36.5681,6.09469,5.54063
27.7031,18.2841,0,-22.1625,-12.1894,-6.09469,-27.7031,-16.6219,0,27.7031,16.6219,12.1894
36.5681,11.0813,11.0813,-24.3788,-5.54063,-5.54063,-30.4734,-12.1894,-12.1894,30.4734,6.09469,5.54063
27.7031,18.2841,6.09469,-22.1625,-6.09469,-12.1894,-27.7031,-27.7031,-5.54063,33.2438,16.6219,6.09469
24.3788,16.6219,5.54063,-24.3788,-5.54063,0,-24.3788,-12.1894,-6.09469,0,6.09469,5.54063
27.7031,30.4734,6.09469,-33.2438,-6.09469,-6.09469,-16.6219,-16.6219,0,33.2438,16.6219,6.09469
30.4734,16.6219,16.6219,-36.5681,-11.0813,-5.54063,-24.3788,-6.09469,-12.1894,42.6628,6.09469,5.54063
33.2438,24.3788,0,-22.1625,-6.09469,-6.09469,-16.6219,-16.6219,-5.54063,33.2438,16.6219,0
36.5681,16.6219,11.0813,-30.4734,-5.54063,-5.54063,0,-6.09469,-6.09469,36.5681,6.09469,5.54063
33.2438,18.2841,6.09469,-22.1625,-12.1894,-6.09469,-38.7844,-16.6219,0,27.7031,16.6219,6.09469
30.4734,11.0813,5.54063,-18.2841,-5.54063,0,-30.4734,-6.09469,-12.1894,30.4734,18.2841,5.54063
27.7031,24.3788,6.09469,-22.1625,-6.09469,-6.09469,-27.7031,-16.6219,0,72.0282,16.6219,6.09469
60.9469,11.0813,11.0813,-30.4734,-11.0813,-11.0813,-24.3788,-6.09469,-6.09469,36.5681,36.5681,0
33.2438,18.2841,6.09469,-22.1625,-6.09469,-6.09469,-27.7031,-16.6219,-5.54063,38.7844,11.0813,6.09469
42.6628,16.6219,5.54063,-36.5681,-5.54063,0,-24.3788,-18.2841,0,30.4734,0,5.54063
33.2438,12.1894,12.1894,-27.7031,-12.1894,-6.09469,-22.1625,-11.0813,-5.54063,33.2438,11.0813,12.1894
30.4734,11.0813,5.54063,-30.4734,-5.54063,-5.54063,-18.2841,-18.2841,-6.09469,30.4734,12.1894,5.54063
27.7031,18.2841,0,-49.8656,-6.09469,-6.09469,-22.1625,-11.0813,-5.54063,27.7031,11.0813,0
30.4734,11.0813,11.0813,-18.2841,-5.54063,-5.54063,-18.2841,-18.2841,0,42.6628,12.1894,5.54063
33.2438,18.2841,6.09469,-22.1625,-12.1894,-6.09469,-22.1625,-11.0813,-5.54063,33.2438,11.0813,12.1894
30.4734,38.7844,5.54063,-24.3788,-5.54063,0,-30.4734,-12.1894,0,42.6628,12.1894,5.54063
38.7844,18.2841,12.1894,-27.7031,-12.1894,0,-27.7031,-16.6219,-11.0813,27.7031,11.0813,6.09469
36.5681,16.6219,16.6219,-30.4734,-5.54063,-11.0813,-36.5681,-12.1894,-6.09469,30.4734,12.1894,5.54063
27.7031,18.2841,6.09469,-27.7031,0,-6.09469,-22.1625,-16.6219,-5.54063,27.7031,22.1625,6.09469
36.5681,16.6219,11.0813,-30.4734,-5.54063,-5.54063,-24.3788,-12.1894,0,24.3788,12.1894,5.54063
49.8656,18.2841,6.09469,-22.1625,-6.09469,0,-22.1625,-11.0813,-5.54063,33.2438,16.6219,6.09469
30.4734,16.6219,5.54063,-24.3788,-5.54063,-5.54063,-18.2841,-12.1894,-6.09469,36.5681,12.1894,11.0813
33.2438,12.1894,6.09469,-16.6219,-6.09469,-6.09469,-38.7844,-11.0813,-5.54063,38.7844,16.6219,6.09469
0,11.0813,5.54063,-24.3788,-5.54063,-5.54063,-24.3788,-12.1894,-6.09469,67.0416,18.2841,11.0813
33.2438,18.2841,6.09469,-22.1625,-12.1894,0,-38.7844,-11.0813,0,33.2438,11.0813,6.09469
36.5681,16.6219,11.0813,-54.8522,-5.54063,-5.54063,-24.3788,-12.1894,-12.1894,24.3788,18.2841,5.54063
27.7031,18.2841,6.09469,-27.7031,0,-12.1894,-27.7031,-16.6219,-5.54063,27.7031,22.1625,6.09469
30.4734,16.6219,5.54063,-30.4734,-11.0813,0,-24.3788,0,-6.09469,42.6628,6.09469,5.54063
27.7031,24.3788,6.09469,-22.1625,-6.09469,-6.09469,-16.6219,-16.6219,0,33.2438,16.6219,6.09469
36.5681,38.7844,5.54063,-24.3788,-11.0813,-5.54063,-24.3788,-12.1894,-6.09469,42.6628,12.1894,5.54063
33.2438,18.2841,6.09469,-22.1625,-6.09469,-6.09469,-22.1625,-11.0813,-11.0813,33.2438,22.1625,6.09469
36.5681,16.6219,5.54063,0,-5.54063,-11.0813,-24.3788,-18.2841,-6.09469,30.4734,12.1894,5.54063
33.2438,12.1894,6.09469,-22.1625,-6.09469,-6.09469,-22.1625,-11.0813,0,16.6219,11.0813,6.09469
60.9469,16.6219,5.54063,-24.3788,-5.54063,-11.0813,-30.4734,-18.2841,0,30.4734,12.1894,5.54063
27.7031,18.2841,18.2841,-22.1625,-12.1894,0,-55.4063,-11.0813,-11.0813,33.2438,11.0813,0
36.5681,11.0813,5.54063,-30.4734,-5.54063,-5.54063,-24.3788,-12.1894,-6.09469,42.6628,12.1894,5.54063
33.2438,0,6.09469,-55.4063,-6.09469,-12.1894,-22.1625,-11.0813,-5.54063,38.7844,11.0813,12.1894
36.5681,16.6219,5.54063,-30.4734,-11.0813,-5.54063,-24.3788,-12.1894,-6.09469,30.4734,18.2841,0
33.2438,18.2841,12.1894,-22.1625,-6.09469,-6.09469,-16.6219,-16.6219,-5.54063,27.7031,16.6219,0
30.4734,11.0813,5.54063,-24.3788,-5.54063,-11.0813,-24.3788,-6.09469,-6.09469,30.4734,12.1894,11.0813
27.7031,24.3788,6.09469,-22.1625,-12.1894,-6.09469,-22.1625,-11.0813,-5.54063,27.7031,16.6219,6.09469
30.4734,16.6219,11.0813,-24.3788,-5.54063,-5.54063,-30.4734,-12.1894,0,79.231,18.2841,5.54063
33.2438,42.6628,6.09469,-16.6219,-12.1894,0,-27.7031,-22.1625,-11.0813,38.7844,27.7031,0
30.4734,22.1625,11.0813,-30.4734,-5.54063,-5.54063,-30.4734,-12.1894,-6.09469,24.3788,12.1894,5.54063
38.7844,12.1894,6.09469,-27.7031,-18.2841,-12.1894,-22.1625,-11.0813,-5.54063,27.7031,11.0813,6.09469
30.4734,16.6219,5.54063,-30.4734,-5.54063,-5.54063,-24.3788,-12.1894,0,24.3788,0,5.54063
33.2438,18.2841,12.1894,-27.7031,-6.09469,-6.09469,-22.1625,-11.0813,-5.54063,33.2438,16.6219,6.09469
60.9469,16.6219,11.0813,-30.4734,-5.54063,-11.0813,-24.3788,-18.2841,-6.09469,36.5681,6.09469,5.54063
27.7031,18.2841,12.1894,-22.1625,-6.09469,0,-22.1625,-11.0813,-5.54063,38.7844,16.6219,12.1894
36.5681,11.0813,5.54063,-24.3788,-5.54063,-5.54063,-18.2841,-12.1894,-6.09469,36.5681,6.09469,5.54063
33.2438,12.1894,6.09469,-44.325,-6.09469,0,-27.7031,-16.6219,-5.54063,33.2438,11.0813,6.09469
36.5681,16.6219,11.0813,-30.4734,-11.0813,-5.54063,-60.9469,-12.1894,-6.09469,30.4734,12.1894,5.54063
27.7031,18.2841,6.09469,-33.2438,-6.09469,0,-27.7031,-16.6219,-5.54063,27.7031,11.0813,6.09469
36.5681,33.2438,5.54063,-30.4734,-5.54063,-11.0813,-24.3788,-24.3788,-6.09469,36.5681,12.1894,5.54063
27.7031,24.3788,6.09469,-22.1625,-6.09469,0,-22.1625,-11.0813,0,38.7844,16.6219,6.09469
30.4734,16.6219,11.0813,-30.4734,-5.54063,-5.54063,-24.3788,-12.1894,-6.09469,36.5681,24.3788,11.0813
33.2438,18.2841,6.09469,-16.6219,-6.09469,-6.09469,-16.6219,-11.0813,-5.54063,38.7844,11.0813,6.09469
36.5681,16.6219,5.54063,-24.3788,-5.54063,-11.0813,-30.4734,-18.2841,-6.09469,30.4734,36.5681,5.54063
38.7844,18.2841,6.09469,-22.1625,-12.1894,0,-22.1625,-5.54063,0,27.7031,11.0813,6.09469
30.4734,16.6219,5.54063,-24.3788,-5.54063,-5.54063,-30.4734,-12.1894,-6.09469,30.4734,12.1894,11.0813
27.7031,12.1894,6.09469,-27.7031,-6.09469,0,-27.7031,-11.0813,0,33.2438,11.0813,12.1894
36.5681,16.6219,11.0813,-36.5681,-11.0813,-5.54063,-30.4734,-12.1894,-12.1894,91.4203,12.1894,5.54063
49.8656,0,6.09469,-27.7031,-6.09469,0,-22.1625,-5.54063,-5.54063,27.7031,16.6219,6.09469
42.6628,27.7031,5.54063,-24.3788,-5.54063,-11.0813,-24.3788,-18.2841,0,24.3788,6.09469,5.54063
27.7031,18.2841,0,-44.325,-12.1894,0,-22.1625,-27.7031,-5.54063,27.7031,11.0813,6.09469
36.5681,11.0813,5.54063,-24.3788,-11.0813,-5.54063,-30.4734,0,0,36.5681,12.1894,11.0813
33.2438,18.2841,6.09469,-22.1625,-6.09469,0,-22.1625,-16.6219,-5.54063,27.7031,11.0813,0
24.3788,16.6219,5.54063,-30.4734,-11.0813,-5.54063,-30.4734,-18.2841,-6.09469,42.6628,12.1894,5.54063
27.7031,24.3788,6.09469,-16.6219,-6.09469,-12.1894,-60.9469,-11.0813,-5.54063,38.7844,11.0813,6.09469
0,22.1625,11.0813,-30.4734,-5.54063,0,-30.4734,-18.2841,-6.09469,36.5681,18.2841,11.0813
33.2438,18.2841,6.09469,-27.7031,-12.1894,-12.1894,-22.1625,-5.54063,0,27.7031,16.6219,0
42.6628,11.0813,11.0813,-30.4734,-5.54063,-5.54063,-24.3788,-18.2841,-6.09469,30.4734,24.3788,5.54063
33.2438,18.2841,18.2841,-22.1625,-18.2841,-6.09469,-22.1625,-11.0813,-5.54063,55.4063,22.1625,6.09469
30.4734,16.6219,11.0813,0,-11.0813,-5.54063,-24.3788,-12.1894,-6.09469,42.6628,12.1894,5.54063
60.9469,12.1894,6.09469,-22.1625,0,-6.09469,-27.7031,-11.0813,-5.54063,27.7031,11.0813,0
30.4734,16.6219,11.0813,-54.8522,-5.54063,-11.0813,-30.4734,-12.1894,0,42.6628,18.2841,11.0813
33.2438,18.2841,6.09469,-22.1625,-6.09469,0,-33.2438,-11.0813,-5.54063,27.7031,11.0813,6.09469
36.5681,11.0813,11.0813,-36.5681,-5.54063,-5.54063,-24.3788,-12.1894,-6.09469,0,18.2841,5.54063
33.2438,18.2841,6.09469,-33.2438,-6.09469,-12.1894,-27.7031,-5.54063,-11.0813,22.1625,5.54063,6.09469
36.5681,11.0813,11.0813,-24.3788,-11.0813,-5.54063,-30.4734,-18.2841,0,30.4734,18.2841,0
33.2438,18.2841,6.09469,-22.1625,0,-6.09469,-16.6219,-22.1625,-11.0813,33.2438,11.0813,6.09469
30.4734,16.6219,5.54063,-24.3788,-16.6219,0,-18.2841,-6.09469,-6.09469,30.4734,12.1894,5.54063
22.1625,42.6628,6.09469,-22.1625,-6.09469,-18.2841,-22.1625,-16.6219,-5.54063,72.0282,11.0813,6.09469
36.5681,16.6219,5.54063,-24.3788,-5.54063,0,-60.9469,-18.2841,0,36.5681,12.1894,5.54063
33.2438,18.2841,6.09469,-27.7031,-6.09469,-6.09469,-27.7031,-11.0813,-11.0813,22.1625,11.0813,6.09469
42.6628,16.6219,11.0813,-30.4734,-5.54063,-5.54063,-30.4734,-18.2841,-6.09469,30.4734,30.4734,0
27.7031,12.1894,6.09469,-33.2438,-6.09469,-6.09469,-22.1625,-5.54063,-5.54063,27.7031,11.0813,6.09469
36.5681,16.6219,5.54063,-60.9469,-5.54063,-5.54063,-24.3788,-18.2841,0,42.6628,18.2841,11.0813
27.7031,12.1894,6.09469,-22.1625,-6.09469,0,-22.1625,-16.6219,-11.0813,38.7844,16.6219,0
30.4734,16.6219,16.6219,-24.3788,-11.0813,-5.54063,-24.3788,-12.1894,-6.09469,36.5681,18.2841,16.6219
22.1625,12.1894,0,-16.6219,-6.09469,-6.09469,-16.6219,-11.0813,-5.54063,33.2438,11.0813,6.09469
30.4734,16.6219,11.0813,-24.3788,-5.54063,-5.54063,-24.3788,-12.1894,0,24.3788,18.2841,5.54063
72.0282,18.2841,6.09469,-27.7031,-6.09469,-6.09469,-27.7031,-11.0813,-16.6219,27.7031,16.6219,6.09469
30.4734,16.6219,5.54063,-24.3788,-5.54063,0,-30.4734,-12.1894,0,24.3788,12.1894,11.0813
27.7031,18.2841,0,-33.2438,-6.09469,-6.09469,-33.2438,-11.0813,0,38.7844,11.0813,0
30.4734,22.1625,11.0813,-30.4734,-5.54063,0,-24.3788,-12.1894,-6.09469,42.6628,18.2841,11.0813
27.7031,18.2841,6.09469,-27.7031,-12.1894,0,-22.1625,-11.0813,0,38.7844,11.0813,6.09469
30.4734,16.6219,5.54063,-24.3788,-5.54063,-11.0813,-24.3788,-18.2841,-12.1894,36.5681,12.1894,5.54063
33.2438,36.5681,12.1894,-16.6219,-6.09469,-6.09469,-22.1625,-11.0813,-5.54063,27.7031,11.0813,6.09469
42.6628,16.6219,5.54063,-24.3788,-16.6219,-5.54063,-18.2841,-12.1894,0,30.4734,12.1894,5.54063
27.7031,12.1894,6.09469,-22.1625,-6.09469,-6.09469,-22.1625,-16.6219,-5.54063,27.7031,27.7031,12.1894
36.5681,16.6219,5.54063,-24.3788,-11.0813,0,-24.3788,-18.2841,0,36.5681,18.2841,0
27.7031,12.1894,12.1894,-60.9469,-6.09469,-6.09469,-27.7031,-5.54063,-5.54063,72.0282,16.6219,6.09469
30.4734,16.6219,5.54063,-30.4734,-5.54063,-5.54063,-54.8522,-18.2841,-6.09469,30.4734,18.2841,11.0813
27.7031,18.2841,12.1894,-22.1625,-12.1894,-6.09469,-27.7031,-16.6219,-5.54063,27.7031,11.0813,12.1894
30.4734,11.0813,5.54063,-24.3788,-11.0813,0,-18.2841,-12.1894,-6.09469,30.4734,18.2841,5.54063
66.4875,18.2841,18.2841,-22.1625,-6.09469,-6.09469,-22.1625,-11.0813,0,27.7031,16.6219,6.09469
36.5681,16.6219,11.0813,-24.3788,-5.54063,-5.54063,-24.3788,-24.3788,-12.1894,36.5681,0,5.54063
27.7031,24.3788,6.09469,-16.6219,-6.09469,-6.09469,-16.6219,-11.0813,0,44.325,11.0813,6.09469
30.4734,16.6219,5.54063,-24.3788,-11.0813,-11.0813,-30.4734,-12.1894,-6.09469,36.5681,18.2841,5.54063
27.7031,30.4734,12.1894,-27.7031,-6.09469,-6.09469,-22.1625,-11.0813,0,33.2438,5.54063,6.09469
30.4734,16.6219,5.54063,0,-5.54063,-5.54063,-36.5681,-12.1894,-6.09469,24.3788,18.2841,5.54063
33.2438,18.2841,6.09469,-27.7031,-6.09469,0,-27.7031,-11.0813,0,27.7031,5.54063,0
36.5681,11.0813,5.54063,-30.4734,-16.6219,-11.0813,-30.4734,-12.1894,-6.09469,36.5681,18.2841,5.54063
33.2438,18.2841,6.09469,-49.8656,-6.09469,-6.09469,-22.1625,-11.0813,-5.54063,33.2438,5.54063,6.09469
54.8522,11.0813,11.0813,-24.3788,-5.54063,-5.54063,0,-12.1894,-6.09469,42.6628,24.3788,11.0813
33.2438,18.2841,6.09469,-22.1625,-6.09469,-6.09469,-16.6219,-11.0813,0,60.9469,16.6219,0
36.5681,11.0813,5.54063,-24.3788,-5.54063,-5.54063,-24.3788,0,-6.09469,30.4734,12.1894,5.54063
33.2438,18.2841,6.09469,-22.1625,-6.09469,-6.09469,-44.325,-16.6219,0,27.7031,11.0813,6.09469
36.5681,16.6219,11.0813,-24.3788,-5.54063,-5.54063,-30.4734,-12.1894,-6.09469,30.4734,24.3788,5.54063
33.2438,18.2841,6.09469,-22.1625,-6.09469,-6.09469,-33.2438,-27.7031,-11.0813,33.2438,11.0813,6.09469
36.5681,16.6219,5.54063,-36.5681,-5.54063,-11.0813,-30.4734,-12.1894,0,42.6628,18.2841,0
22.1625,24.3788,6.09469,-27.7031,-6.09469,-6.09469,-27.7031,-16.6219,-5.54063,33.2438,16.6219,6.09469
36.5681,16.6219,5.54063,-30.4734,-11.0813,0,-24.3788,-12.1894,0,42.6628,12.1894,5.54063
27.7031,18.2841,12.1894,-22.1625,0,-12.1894,-16.6219,-11.0813,-11.0813,27.7031,11.0813,0
36.5681,16.6219,11.0813,-24.3788,-11.0813,-11.0813,-24.3788,-12.1894,-12.1894,24.3788,18.2841,5.54063
38.7844,18.2841,6.09469,-22.1625,0,0,-16.6219,-11.0813,0,38.7844,11.0813,6.09469
30.4734,11.0813,5.54063,-24.3788,-16.6219,-5.54063,-24.3788,-12.1894,-12.1894,36.5681,18.2841,0
33.2438,18.2841,6.09469,-22.1625,-6.09469,-6.09469,-27.7031,-11.0813,-5.54063,33.2438,0,6.09469
30.4734,27.7031,11.0813,-36.5681,-11.0813,-5.54063,-30.4734,-12.1894,0,42.6628,30.4734,5.54063
22.1625,18.2841,6.09469,-33.2438,-6.09469,-6.09469,-27.7031,-11.0813,-5.54063,33.2438,16.6219,12.1894
36.5681,11.0813,5.54063,-24.3788,-11.0813,-5.54063,-30.4734,-12.1894,-6.09469,60.9469,12.1894,0
60.9469,18.2841,12.1894,-27.7031,-12.1894,-6.09469,-22.1625,-22.1625,-5.54063,33.2438,11.0813,6.09469
0,16.6219,5.54063,-24.3788,-5.54063,-5.54063,-42.6628,-18.2841,-6.09469,42.6628,12.1894,16.6219
38.7844,24.3788,12.1894,-38.7844,-12.1894,-6.09469,-16.6219,-16.6219,-5.54063,33.2438,16.6219,0
36.5681,16.6219,5.54063,-30.4734,-5.54063,0,-24.3788,-12.1894,-6.09469,36.5681,18.2841,11.0813
27.7031,18.2841,6.09469,-27.7031,-12.1894,-6.09469,-27.7031,-16.6219,-5.54063,27.7031,11.0813,6.09469
30.4734,16.6219,11.0813,-36.5681,-11.0813,-5.54063,-30.4734,-12.1894,-6.09469,30.4734,18.2841,5.54063
27.7031,18.2841,18.2841,-27.7031,-6.09469,-12.1894,-27.7031,-11.0813,-5.54063,27.7031,16.6219,6.09469
36.5681,11.0813,5.54063,-24.3788,-11.0813,0,-30.4734,-18.2841,0,30.4734,12.1894,5.54063
33.2438,18.2841,6.09469,-27.7031,-6.09469,-6.09469,-22.1625,-16.6219,-11.0813,33.2438,16.6219,12.1894
42.6628,27.7031,5.54063,-24.3788,-16.6219,-5.54063,-30.4734,-12.1894,-6.09469,42.6628,18.2841,5.54063
27.7031,12.1894,6.09469,-22.1625,-6.09469,-6.09469,-16.6219,-11.0813,0,33.2438,5.54063,6.09469
30.4734,11.0813,11.0813,-18.2841,-11.0813,-5.54063,-24.3788,-12.1894,-6.09469,30.4734,12.1894,11.0813
27.7031,0,0,-22.1625,-6.09469,0,-49.8656,-11.0813,-11.0813,27.7031,22.1625,6.09469
30.4734,16.6219,5.54063,-30.4734,-5.54063,-5.54063,-36.5681,-12.1894,-6.09469,67.0416,12.1894,5.54063
27.7031,18.2841,6.09469,-33.2438,-12.1894,-6.09469,-27.7031,-11.0813,0,27.7031,11.0813,6.09469
42.6628,22.1625,5.54063,-30.4734,-5.54063,-5.54063,-30.4734,-12.1894,-6.09469,42.6628,12.1894,5.54063
66.4875,18.2841,6.09469,-27.7031,-12.1894,-6.09469,-27.7031,-11.0813,0,38.7844,11.0813,6.09469
30.4734,16.6219,11.0813,-48.7575,-5.54063,0,-30.4734,-12.1894,-6.09469,0,12.1894,0
27.7031,18.2841,12.1894,-22.1625,-12.1894,-6.09469,-16.6219,-11.0813,-5.54063,27.7031,16.6219,6.09469
30.4734,16.6219,5.54063,-18.2841,-11.0813,-5.54063,-24.3788,-30.4734,-6.09469,30.4734,12.1894,11.0813
33.2438,18.2841,6.09469,-22.1625,-6.09469,-12.1894,-22.1625,-11.0813,0,22.1625,11.0813,0
36.5681,11.0813,5.54063,-30.4734,-11.0813,-5.54063,-30.4734,-18.2841,-6.09469,30.4734,0,5.54063
33.2438,18.2841,6.09469,-33.2438,-24.3788,-6.09469,-27.7031,-11.0813,0,33.2438,16.6219,6.09469
36.5681,16.6219,5.54063,-30.4734,-11.0813,-5.54063,-36.5681,-12.1894,-6.09469,42.6628,30.4734,11.0813
27.7031,12.1894,12.1894,-27.7031,-6.09469,-6.09469,-27.7031,-16.6219,-5.54063,33.2438,11.0813,0
24.3788,27.7031,5.54063,-18.2841,-11.0813,-5.54063,-24.3788,-18.2841,-6.09469,42.6628,12.1894,5.54063
27.7031,18.2841,6.09469,-22.1625,-6.09469,-6.09469,-22.1625,-11.0813,0,22.1625,11.0813,12.1894
30.4734,16.6219,5.54063,-24.3788,-11.0813,-11.0813,-24.3788,-12.1894,-6.09469,24.3788,18.2841,5.54063
33.2438,18.2841,12.1894,-22.1625,-12.1894,-6.09469,-22.1625,-11.0813,0,66.4875,11.0813,0
42.6628,22.1625,5.54063,-24.3788,-5.54063,-5.54063,-48.7575,-18.2841,-6.09469,42.6628,12.1894,5.54063
60.9469,18.2841,12.1894,-22.1625,-12.1894,-6.09469,-27.7031,-5.54063,-5.54063,33.2438,11.0813,6.09469
30.4734,16.6219,5.54063,-30.4734,-5.54063,-5.54063,-30.4734,-18.2841,-6.09469,36.5681,12.1894,11.0813
27.7031,24.3788,18.2841,-33.2438,-6.09469,0,-27.7031,-5.54063,-5.54063,27.7031,11.0813,0
30.4734,16.6219,11.0813,-30.4734,-11.0813,-5.54063,-30.4734,-18.2841,0,24.3788,12.1894,5.54063
33.2438,18.2841,12.1894,-27.7031,-6.09469,-6.09469,-16.6219,-11.0813,-11.0813,27.7031,11.0813,12.1894
42.6628,11.0813,5.54063,-24.3788,-5.54063,-11.0813,-24.3788,-24.3788,-6.09469,30.4734,30.4734,5.54063
27.7031,18.2841,12.1894,-22.1625,-18.2841,-6.09469,-16.6219,0,0,38.7844,11.0813,6.09469
36.5681,16.6219,5.54063,-48.7575,-11.0813,-5.54063,-18.2841,-36.5681,-6.09469,42.6628,18.2841,5.54063
27.7031,12.1894,6.09469,-22.1625,-6.09469,-12.1894,-22.1625,-11.0813,-5.54063,33.2438,16.6219,12.1894
30.4734,16.6219,5.54063,-30.4734,-5.54063,0,-24.3788,-18.2841,-6.09469,36.5681,12.1894,5.54063
27.7031,12.1894,12.1894,-27.7031,-12.1894,-6.09469,-38.7844,-16.6219,-5.54063,22.1625,16.6219,6.09469
73.1363,16.6219,5.54063,-30.4734,-11.0813,-5.54063,-24.3788,-12.1894,-6.09469,30.4734,18.2841,11.0813
33.2438,18.2841,6.09469,-27.7031,-6.09469,-6.09469,-27.7031,-11.0813,0,38.7844,11.0813,6.09469
36.5681,38.7844,11.0813,-24.3788,-11.0813,-5.54063,0,-12.1894,-6.09469,36.5681,12.1894,11.0813
27.7031,18.2841,6.09469,-16.6219,-6.09469,0,-38.7844,-16.6219,-5.54063,38.7844,11.0813,0
30.4734,16.6219,11.0813,-24.3788,-11.0813,-5.54063,-24.3788,-12.1894,-12.1894,30.4734,18.2841,5.54063
27.7031,18.2841,6.09469,-22.1625,0,-6.09469,-16.6219,-11.0813,-5.54063,60.9469,5.54063,6.09469
30.4734,16.6219,5.54063,-30.4734,-11.0813,-5.54063,-24.3788,-12.1894,-6.09469,36.5681,12.1894,5.54063
33.2438,12.1894,6.09469,-55.4063,-24.3788,-6.09469,-22.1625,-11.0813,-5.54063,33.2438,11.0813,6.09469
36.5681,16.6219,5.54063,-30.4734,-11.0813,-5.54063,-30.4734,-18.2841,-6.09469,48.7575,12.1894,5.54063
33.2438,18.2841,6.09469,-27.7031,-12.1894,-6.09469,-27.7031,-5.54063,0,33.2438,11.0813,6.09469
30.4734,11.0813,5.54063,-24.3788,-5.54063,-5.54063,-30.4734,-18.2841,-12.1894,30.4734,12.1894,5.54063
27.7031,18.2841,6.09469,-22.1625,-12.1894,-6.09469,-22.1625,-27.7031,-5.54063,27.7031,16.6219,6.09469
30.4734,16.6219,5.54063,0,-5.54063,-5.54063,-18.2841,-18.2841,0,30.4734,30.4734,5.54063
60.9469,12.1894,6.09469,-16.6219,-12.1894,0,-22.1625,-11.0813,-5.54063,33.2438,11.0813,0
36.5681,16.6219,5.54063,-30.4734,-11.0813,-11.0813,-18.2841,-18.2841,-6.09469,30.4734,18.2841,5.54063
33.2438,24.3788,0,-22.1625,-6.09469,-6.09469,-22.1625,-11.0813,-5.54063,38.7844,16.6219,12.1894
0,16.6219,11.0813,-60.9469,-16.6219,-5.54063,-24.3788,-12.1894,-12.1894,36.5681,12.1894,5.54063
27.7031,18.2841,6.09469,-22.1625,0,-6.09469,-49.8656,-11.0813,0,33.2438,11.0813,0
30.4734,16.6219,16.6219,-24.3788,-16.6219,-5.54063,-30.4734,-12.1894,-6.09469,60.9469,18.2841,5.54063
27.7031,18.2841,12.1894,-22.1625,-6.09469,-6.09469,-27.7031,-16.6219,-5.54063,27.7031,11.0813,6.09469
30.4734,27.7031,5.54063,-24.3788,-5.54063,-5.54063,-30.4734,-6.09469,-6.09469,36.5681,18.2841,11.0813
33.2438,18.2841,12.1894,-22.1625,-12.1894,-6.09469,-22.1625,-16.6219,-5.54063,38.7844,5.54063,0
36.5681,11.0813,5.54063,-24.3788,-5.54063,-11.0813,-18.2841,-6.09469,0,36.5681,12.1894,5.54063
33.2438,18.2841,12.1894,-22.1625,-6.09469,-12.1894,-44.325,-11.0813,-5.54063,33.2438,11.0813,6.09469
36.5681,11.0813,11.0813,-24.3788,-11.0813,-5.54063,-30.4734,-12.1894,-6.09469,24.3788,12.1894,5.54063
27.7031,18.2841,6.09469,-33.2438,-12.1894,-6.09469,-27.7031,-27.7031,-5.54063,27.7031,11.0813,6.09469
30.4734,16.6219,5.54063,-36.5681,-5.54063,-5.54063,-30.4734,-12.1894,0,30.4734,30.4734,0
27.7031,18.2841,6.09469,-22.1625,-12.1894,-6.09469,-27.7031,-16.6219,-5.54063,33.2438,11.0813,12.1894
30.4734,16.6219,5.54063,-48.7575,-5.54063,-5.54063,-30.4734,-12.1894,0,30.4734,18.2841,5.54063
33.2438,18.2841,6.09469,-22.1625,-6.09469,-6.09469,-22.1625,-16.6219,-11.0813,38.7844,11.0813,6.09469
36.5681,16.6219,11.0813,-24.3788,-22.1625,-5.54063,0,-18.2841,-6.09469,67.0416,18.2841,5.54063
60.9469,36.5681,6.09469,-22.1625,0,-6.09469,-16.6219,-11.0813,0,27.7031,16.6219,6.09469
30.4734,16.6219,5.54063,-30.4734,-11.0813,-5.54063,-18.2841,-18.2841,-6.09469,24.3788,12.1894,11.0813
22.1625,18.2841,6.09469,-27.7031,-12.1894,-6.09469,-16.6219,-11.0813,-5.54063,33.2438,16.6219,0
36.5681,11.0813,11.0813,-30.4734,-11.0813,0,-36.5681,0,-6.09469,42.6628,12.1894,5.54063
33.2438,12.1894,6.09469,-27.7031,-6.09469,-6.09469,-27.7031,-16.6219,-5.54063,38.7844,16.6219,6.09469
36.5681,16.6219,11.0813,-24.3788,-11.0813,-5.54063,-30.4734,-12.1894,0,30.4734,18.2841,11.0813
33.2438,18.2841,6.09469,-22.1625,-6.09469,-12.1894,-27.7031,-11.0813,-5.54063,33.2438,5.54063,6.09469
36.5681,16.6219,5.54063,-24.3788,-11.0813,0,-30.4734,-12.1894,0,30.4734,18.2841,5.54063
27.7031,18.2841,6.09469,-22.1625,-12.1894,-6.09469,-22.1625,-11.0813,-11.0813,22.1625,5.54063,12.1894
30.4734,22.1625,5.54063,-24.3788,-5.54063,-11.0813,-36.5681,-18.2841,-6.09469,30.4734,0,0
27.7031,18.2841,6.09469,-27.7031,-12.1894,-6.09469,-22.1625,-22.1625,0,38.7844,22.1625,18.2841
36.5681,38.7844,5.54063,-67.0416,-5.54063,0,-24.3788,-12.1894,0,48.7575,18.2841,5.54063
72.0282,18.2841,6.09469,-22.1625,-12.1894,-6.09469,-27.7031,-11.0813,-5.54063,27.7031,11.0813,6.09469
30.4734,16.6219,5.54063,-24.3788,-5.54063,-5.54063,-30.4734,-18.2841,0,36.5681,18.2841,5.54063
33.2438,18.2841,6.09469,-27.7031,-12.1894,-6.09469,-27.7031,-11.0813,-11.0813,49.8656,16.6219,12.1894
24.3788,16.6219,11.0813,0,-5.54063,-5.54063,-30.4734,-18.2841,-6.09469,30.4734,12.1894,0
27.7031,0,6.09469,-16.6219,-12.1894,0,-22.1625,-22.1625,-5.54063,44.325,16.6219,6.09469
36.5681,16.6219,5.54063,-24.3788,-11.0813,-5.54063,-24.3788,-6.09469,0,42.6628,18.2841,5.54063
38.7844,18.2841,18.2841,-22.1625,-12.1894,0,-44.325,-16.6219,-16.6219,27.7031,11.0813,0
36.5681,16.6219,5.54063,-30.4734,-5.54063,-5.54063,-24.3788,-18.2841,-6.09469,36.5681,30.4734,11.0813
33.2438,18.2841,12.1894,-33.2438,-12.1894,-6.09469,-22.1625,-11.0813,0,27.7031,11.0813,0
30.4734,38.7844,11.0813,-30.4734,-5.54063,-5.54063,-30.4734,-18.2841,-6.09469,30.4734,12.1894,5.54063
27.7031,18.2841,6.09469,-22.1625,-12.1894,-6.09469,-33.2438,-5.54063,-5.54063,33.2438,11.0813,18.2841
60.9469,22.1625,11.0813,-30.4734,-11.0813,0,-30.4734,-18.2841,-6.09469,36.5681,12.1894,0
33.2438,18.2841,6.09469,-16.6219,-12.1894,-12.1894,-22.1625,-5.54063,-5.54063,38.7844,11.0813,6.09469
36.5681,16.6219,11.0813,-24.3788,-11.0813,-5.54063,-24.3788,-18.2841,0,30.4734,18.2841,5.54063
33.2438,18.2841,6.09469,-49.8656,-12.1894,-6.09469,-22.1625,-5.54063,-11.0813,27.7031,5.54063,6.09469
30.4734,16.6219,5.54063,-30.4734,-5.54063,-5.54063,-24.3788,-18.2841,-6.09469,0,18.2841,5.54063
27.7031,18.2841,12.1894,-33.2438,-12.1894,-6.09469,-22.1625,-5.54063,-5.54063,27.7031,11.0813,0
36.5681,11.0813,5.54063,-24.3788,-5.54063,-5.54063,-24.3788,-12.1894,0,30.4734,18.2841,5.54063
27.7031,12.1894,12.1894,-22.1625,-12.1894,-6.09469,-33.2438,-27.7031,-5.54063,38.7844,16.6219,6.09469
36.5681,16.6219,11.0813,-24.3788,-16.6219,-5.54063,-30.4734,-18.2841,-6.09469,36.5681,12.1894,5.54063
33.2438,18.2841,6.09469,-22.1625,-12.1894,-6.09469,-27.7031,-11.0813,-5.54063,66.4875,16.6219,6.09469
36.5681,16.6219,5.54063,-24.3788,-5.54063,-5.54063,-48.7575,-18.2841,-6.09469,30.4734,18.2841,5.54063
27.7031,18.2841,6.09469,-27.7031,-12.1894,-6.09469,-22.1625,-11.0813,0,27.7031,11.0813,0
0,16.6219,5.54063,-30.4734,-5.54063,-11.0813,-24.3788,-18.2841,-12.1894,30.4734,18.2841,5.54063
60.9469,42.6628,6.09469,-33.2438,-12.1894,-12.1894,-22.1625,-16.6219,-5.54063,33.2438,11.0813,12.1894
30.4734,16.6219,11.0813,-30.4734,-5.54063,-5.54063,-24.3788,-6.09469,-6.09469,42.6628,12.1894,0
33.2438,18.2841,6.09469,-27.7031,-12.1894,-6.09469,-33.2438,-16.6219,0,38.7844,11.0813,6.09469
42.6628,16.6219,5.54063,-24.3788,-16.6219,-5.54063,-30.4734,-6.09469,-6.09469,30.4734,24.3788,5.54063
27.7031,18.2841,6.09469,-44.325,-12.1894,-6.09469,-22.1625,-16.6219,-5.54063,33.2438,11.0813,12.1894
30.4734,11.0813,5.54063,-18.2841,-5.54063,-5.54063,0,-6.09469,-6.09469,30.4734,12.1894,5.54063
27.7031,18.2841,0,-27.7031,0,0,-27.7031,-16.6219,-5.54063,27.7031,11.0813,12.1894
30.4734,16.6219,5.54063,-24.3788,-11.0813,-5.54063,-24.3788,-6.09469,0,42.6628,18.2841,5.54063
22.1625,18.2841,18.2841,-33.2438,-6.09469,-6.09469,-16.6219,-27.7031,0,33.2438,5.54063,6.09469
42.6628,16.6219,5.54063,-36.5681,-5.54063,-5.54063,-42.6628,-18.2841,-12.1894,36.5681,18.2841,5.54063
33.2438,18.2841,6.09469,-27.7031,-12.1894,-6.09469,-22.1625,-11.0813,0,33.2438,16.6219,12.1894
36.5681,16.6219,11.0813,-24.3788,-11.0813,-5.54063,-30.4734,-12.1894,-6.09469,36.5681,12.1894,5.54063
27.7031,18.2841,12.1894,-16.6219,-18.2841,-6.09469,-27.7031,-16.6219,-5.54063,27.7031,16.6219,6.09469
30.4734,22.1625,5.54063,-24.3788,-22.1625,0,-24.3788,-18.2841,0,36.5681,24.3788,5.54063
55.4063,18.2841,12.1894,-22.1625,-12.1894,-12.1894,-22.1625,-11.0813,-5.54063,72.0282,11.0813,6.09469
30.4734,16.6219,5.54063,-24.3788,-16.6219,0,-24.3788,-18.2841,-6.09469,36.5681,12.1894,5.54063
38.7844,36.5681,6.09469,-60.9469,-12.1894,-6.09469,-22.1625,-11.0813,-5.54063,33.2438,16.6219,6.09469
36.5681,11.0813,11.0813,-36.5681,-11.0813,-5.54063,-24.3788,-18.2841,-6.09469,24.3788,30.4734,11.0813
33.2438,18.2841,6.09469,-22.1625,-6.09469,-6.09469,-16.6219,-11.0813,0,27.7031,5.54063,0
30.4734,16.6219,5.54063,-24.3788,-11.0813,-5.54063,-24.3788,-30.4734,-12.1894,36.5681,0,5.54063
27.7031,12.1894,12.1894,-27.7031,-12.1894,0,-22.1625,-5.54063,0,33.2438,16.6219,12.1894
36.5681,16.6219,5.54063,-18.2841,-22.1625,0,-30.4734,-18.2841,-6.09469,42.6628,6.09469,5.54063
27.7031,18.2841,6.09469,-22.1625,-6.09469,-6.09469,-60.9469,-5.54063,-5.54063,33.2438,16.6219,6.09469
42.6628,22.1625,11.0813,-24.3788,-11.0813,-5.54063,-24.3788,-18.2841,0,36.5681,6.09469,5.54063
33.2438,0,6.09469,-33.2438,-12.1894,0,-16.6219,-16.6219,-11.0813,22.1625,16.6219,6.09469
36.5681,22.1625,11.0813,-36.5681,-11.0813,-5.54063,-18.2841,-12.1894,-6.09469,30.4734,12.1894,5.54063
27.7031,18.2841,6.09469,-27.7031,-12.1894,-6.09469,-16.6219,-16.6219,-5.54063,27.7031,16.6219,0
30.4734,33.2438,5.54063,-24.3788,-11.0813,-5.54063,-24.3788,-18.2841,0,36.5681,18.2841,5.54063
27.7031,18.2841,6.09469,-22.1625,-12.1894,-6.09469,-22.1625,-11.0813,-11.0813,72.0282,11.0813,6.09469
30.4734,16.6219,5.54063,-24.3788,-11.0813,-5.54063,-24.3788,-18.2841,-6.09469,42.6628,36.5681,5.54063
27.7031,12.1894,6.09469,-44.325,-18.2841,-6.09469,-33.2438,-16.6219,0,22.1625,11.0813,6.09469
36.5681,16.6219,5.54063,-18.2841,-11.0813,-5.54063,-30.4734,-12.1894,-6.09469,30.4734,12.1894,5.54063
66.4875,18.2841,6.09469,-27.7031,0,-6.09469,-22.1625,-16.6219,-5.54063,22.1625,11.0813,0
30.4734,11.0813,5.54063,-30.4734,-11.0813,-5.54063,-30.4734,0,-6.09469,42.6628,18.2841,5.54063
27.7031,18.2841,6.09469,-33.2438,-12.1894,-6.09469,-16.6219,-22.1625,-5.54063,33.2438,11.0813,12.1894
24.3788,16.6219,5.54063,-24.3788,-16.6219,-5.54063,-48.7575,-12.1894,-6.09469,42.6628,12.1894,5.54063
33.2438,18.2841,0,-22.1625,-24.3788,-6.09469,-22.1625,-11.0813,-5.54063,38.7844,11.0813,0
36.5681,16.6219,5.54063,0,-11.0813,-11.0813,-30.4734,-18.2841,-12.1894,30.4734,12.1894,11.0813
33.2438,42.6628,6.09469,-22.1625,-12.1894,-6.09469,-22.1625,-11.0813,-5.54063,22.1625,11.0813,0
36.5681,16.6219,5.54063,-24.3788,-11.0813,-5.54063,-36.5681,-12.1894,0,30.4734,12.1894,5.54063
27.7031,24.3788,6.09469,-22.1625,-12.1894,-12.1894,-27.7031,-11.0813,-11.0813,33.2438,11.0813,0
30.4734,16.6219,11.0813,-24.3788,-5.54063,-5.54063,-24.3788,-18.2841,-6.09469,42.6628,30.4734,5.54063
27.7031,12.1894,6.09469,-27.7031,-12.1894,-6.09469,-22.1625,-5.54063,0,33.2438,11.0813,12.1894
30.4734,16.6219,16.6219,-30.4734,-11.0813,-5.54063,-24.3788,-18.2841,-6.09469,30.4734,12.1894,5.54063
38.7844,18.2841,12.1894,-27.7031,-12.1894,-6.09469,-22.1625,-16.6219,-5.54063,33.2438,22.1625,0
36.5681,11.0813,5.54063,-54.8522,-11.0813,-5.54063,-18.2841,-36.5681,-6.09469,48.7575,12.1894,16.6219
33.2438,18.2841,12.1894,-22.1625,-18.2841,-6.09469,-27.7031,-16.6219,-5.54063,38.7844,11.0813,6.09469
54.8522,16.6219,5.54063,-18.2841,-11.0813,-5.54063,-30.4734,-6.09469,-6.09469,36.5681,18.2841,5.54063
27.7031,12.1894,12.1894,-22.1625,-12.1894,-6.09469,-22.1625,-16.6219,0,38.7844,11.0813,6.09469
36.5681,16.6219,11.0813,-30.4734,-16.6219,-11.0813,-36.5681,-18.2841,-6.09469,36.5681,18.2841,11.0813
27.7031,48.7575,6.09469,-27.7031,-12.1894,-6.09469,-22.1625,-11.0813,-5.54063,27.7031,5.54063,0
36.5681,16.6219,11.0813,-30.4734,-16.6219,0,-24.3788,-12.1894,-6.09469,30.4734,18.2841,5.54063
33.2438,18.2841,6.09469,-27.7031,-12.1894,-6.09469,-38.7844,-11.0813,0,22.1625,11.0813,12.1894
36.5681,16.6219,5.54063,-30.4734,-11.0813,-11.0813,0,-12.1894,-6.09469,36.5681,12.1894,5.54063
22.1625,18.2841,12.1894,-27.7031,-24.3788,0,-22.1625,-11.0813,0,38.7844,5.54063,0
30.4734,16.6219,5.54063,-24.3788,-5.54063,-5.54063,-18.2841,-18.2841,-6.09469,42.6628,18.2841,5.54063
22.1625,12.1894,6.09469,-16.6219,-18.2841,0,-27.7031,-11.0813,-11.0813,27.7031,5.54063,6.09469
30.4734,16.6219,5.54063,-24.3788,-5.54063,-5.54063,-36.5681,-12.1894,-6.09469,36.5681,18.2841,11.0813
38.7844,18.2841,18.2841,-27.7031,-18.2841,-6.09469,-22.1625,-16.6219,0,27.7031,22.1625,0
42.6628,11.0813,5.54063,-30.4734,-5.54063,-5.54063,-30.4734,-30.4734,-6.09469,30.4734,18.2841,5.54063
33.2438,18.2841,6.09469,-27.7031,-18.2841,-6.09469,-22.1625,-16.6219,-5.54063,38.7844,11.0813,6.09469
60.9469,22.1625,5.54063,-36.5681,-5.54063,0,-24.3788,-18.2841,-6.09469,36.5681,18.2841,5.54063
27.7031,24.3788,6.09469,-22.1625,-18.2841,-6.09469,-22.1625,-16.6219,0,72.0282,16.6219,12.1894
30.4734,16.6219,5.54063,-48.7575,-11.0813,-5.54063,-24.3788,-12.1894,-6.09469,30.4734,12.1894,0
38.7844,18.2841,12.1894,-22.1625,-12.1894,-6.09469,-22.1625,-11.0813,0,27.7031,16.6219,12.1894
42.6628,16.6219,5.54063,-24.3788,-16.6219,-5.54063,-30.4734,-18.2841,-6.09469,36.5681,12.1894,5.54063
27.7031,18.2841,6.09469,-27.7031,-12.1894,-6.09469,-55.4063,-11.0813,-5.54063,33.2438,11.0813,0
30.4734,27.7031,5.54063,-30.4734,-16.6219,-5.54063,-24.3788,-12.1894,-6.09469,42.6628,12.1894,5.54063
27.7031,0,6.09469,-33.2438,-30.4734,-6.09469,-27.7031,-16.6219,-5.54063,38.7844,11.0813,6.09469
36.5681,16.6219,11.0813,-24.3788,-16.6219,-5.54063,-24.3788,-12.1894,-12.1894,30.4734,12.1894,5.54063
27.7031,18.2841,6.09469,-22.1625,-6.09469,-6.09469,-22.1625,-11.0813,-5.54063,27.7031,11.0813,6.09469
36.5681,16.6219,5.54063,-24.3788,-16.6219,-5.54063,-24.3788,0,-6.09469,30.4734,12.1894,0
33.2438,18.2841,6.09469,-22.1625,-6.09469,0,-22.1625,-27.7031,0,33.2438,11.0813,6.09469
30.4734,11.0813,11.0813,-24.3788,-16.6219,-5.54063,-36.5681,-12.1894,-12.1894,36.5681,24.3788,5.54063
33.2438,18.2841,6.09469,-22.1625,-6.09469,0,-27.7031,-16.6219,-5.54063,33.2438,5.54063,6.09469
30.4734,16.6219,16.6219,-24.3788,-11.0813,-5.54063,-30.4734,-18.2841,-6.09469,42.6628,18.2841,5.54063
55.4063,24.3788,6.09469,-27.7031,-12.1894,-6.09469,-22.1625,-16.6219,0,27.7031,11.0813,6.09469
36.5681,22.1625,11.0813,-30.4734,-5.54063,-5.54063,-24.3788,-12.1894,-12.1894,54.8522,18.2841,5.54063
38.7844,18.2841,6.09469,-27.7031,-12.1894,-6.09469,-22.1625,-16.6219,-5.54063,27.7031,16.6219,6.09469
30.4734,16.6219,5.54063,-30.4734,-11.0813,0,-24.3788,-18.2841,-6.09469,36.5681,12.1894,5.54063
33.2438,12.1894,12.1894,-44.325,-12.1894,-6.09469,-44.325,-11.0813,0,33.2438,16.6219,0
36.5681,16.6219,5.54063,-24.3788,-11.0813,-11.0813,-36.5681,-18.2841,-12.1894,36.5681,18.2841,5.54063
27.7031,18.2841,6.09469,-22.1625,-36.5681,-6.09469,-27.7031,-11.0813,-5.54063,33.2438,5.54063,6.09469
30.4734,27.7031,11.0813,-24.3788,-11.0813,-11.0813,-30.4734,-12.1894,-6.09469,36.5681,18.2841,11.0813
33.2438,18.2841,0,-22.1625,-18.2841,-6.09469,-22.1625,-11.0813,-5.54063,27.7031,11.0813,0
42.6628,16.6219,5.54063,-24.3788,-16.6219,-5.54063,-30.4734,-18.2841,-6.09469,24.3788,12.1894,5.54063
33.2438,12.1894,6.09469,-27.7031,-12.1894,-6.09469,-22.1625,-11.0813,-5.54063,33.2438,11.0813,6.09469
30.4734,16.6219,11.0813,-36.5681,-11.0813,-5.54063,-18.2841,-12.1894,-6.09469,36.5681,12.1894,11.0813
27.7031,24.3788,6.09469,-22.1625,-12.1894,-6.09469,-22.1625,-16.6219,0,38.7844,11.0813,12.1894
30.4734,22.1625,5.54063,-24.3788,-11.0813,-5.54063,-24.3788,-12.1894,-6.09469,30.4734,12.1894,0
27.7031,18.2841,12.1894,-22.1625,-12.1894,-6.09469,-44.325,-33.2438,-5.54063,33.2438,22.1625,12.1894
0,16.6219,5.54063,-24.3788,-11.0813,-5.54063,-36.5681,-18.2841,-6.09469,0,0,5.54063
33.2438,24.3788,6.09469,-27.7031,-12.1894,-6.09469,-22.1625,-11.0813,0,49.8656,11.0813,6.09469
42.6628,16.6219,0,-60.9469,-11.0813,-5.54063,-24.3788,-18.2841,-6.09469,30.4734,18.2841,11.0813
60.9469,12.1894,12.1894,-27.7031,0,-6.09469,-22.1625,-11.0813,0,44.325,16.6219,6.09469
36.5681,16.6219,5.54063,-30.4734,-11.0813,0,-18.2841,-18.2841,-6.09469,42.6628,12.1894,0
22.1625,18.2841,6.09469,-22.1625,-12.1894,-6.09469,-16.6219,-11.0813,-5.54063,33.2438,16.6219,0
30.4734,16.6219,16.6219,-24.3788,-11.0813,-5.54063,-24.3788,-12.1894,-6.09469,30.4734,18.2841,11.0813
22.1625,18.2841,6.09469,-22.1625,-12.1894,-6.09469,-22.1625,-16.6219,-5.54063,27.7031,11.0813,6.09469
42.6628,22.1625,11.0813,-30.4734,-11.0813,-11.0813,-24.3788,-12.1894,0,24.3788,12.1894,5.54063
33.2438,18.2841,6.09469,-27.7031,-12.1894,0,-27.7031,-11.0813,-11.0813,27.7031,11.0813,6.09469
36.5681,44.325,5.54063,-36.5681,-11.0813,-11.0813,-36.5681,-12.1894,-6.09469,48.7575,18.2841,11.0813
27.7031,18.2841,12.1894,-27.7031,-12.1894,0,-22.1625,-16.6219,-5.54063,38.7844,11.0813,0
54.8522,16.6219,5.54063,-24.3788,-16.6219,-5.54063,-24.3788,-12.1894,0,30.4734,12.1894,5.54063
33.2438,18.2841,0,-27.7031,-12.1894,-6.09469,-22.1625,-16.6219,0,60.9469,16.6219,6.09469
36.5681,16.6219,22.1625,-24.3788,-16.6219,-5.54063,0,-18.2841,-12.1894,24.3788,6.09469,5.54063
38.7844,12.1894,6.09469,-16.6219,-12.1894,-6.09469,-16.6219,-33.2438,0,33.2438,11.0813,6.09469
36.5681,16.6219,5.54063,-24.3788,-11.0813,0,-24.3788,-12.1894,-6.09469,36.5681,12.1894,5.54063
27.7031,18.2841,12.1894,-27.7031,-12.1894,-6.09469,-33.2438,-22.1625,-5.54063,38.7844,22.1625,0
30.4734,11.0813,5.54063,-36.5681,-22.1625,0,-30.4734,-12.1894,0,36.5681,18.2841,5.54063
27.7031,18.2841,6.09469,-27.7031,-12.1894,-12.1894,-33.2438,-11.0813,-5.54063,27.7031,16.6219,12.1894
30.4734,16.6219,11.0813,-60.9469,-11.0813,-5.54063,-24.3788,-18.2841,-12.1894,30.4734,12.1894,0
33.2438,48.7575,6.09469,-22.1625,-12.1894,-6.09469,-27.7031,-11.0813,0,27.7031,16.6219,6.09469
42.6628,16.6219,5.54063,-18.2841,-5.54063,-5.54063,-24.3788,-18.2841,-6.09469,30.4734,18.2841,5.54063
33.2438,18.2841,6.09469,-22.1625,-12.1894,-6.09469,-16.6219,-11.0813,0,38.7844,11.0813,12.1894
36.5681,16.6219,5.54063,0,-11.0813,-5.54063,-24.3788,-12.1894,-6.09469,48.7575,18.2841,0
27.7031,18.2841,6.09469,-22.1625,-12.1894,0,-22.1625,-11.0813,-5.54063,27.7031,11.0813,6.09469
60.9469,16.6219,11.0813,-24.3788,-11.0813,-5.54063,-24.3788,-12.1894,0,36.5681,24.3788,5.54063
27.7031,18.2841,6.09469,-27.7031,-18.2841,-12.1894,-27.7031,-16.6219,-11.0813,55.4063,11.0813,6.09469
0,11.0813,5.54063,-30.4734,-11.0813,-5.54063,-30.4734,-30.4734,-6.09469,36.5681,12.1894,5.54063
33.2438,18.2841,6.09469,-27.7031,-12.1894,-6.09469,-33.2438,-16.6219,-5.54063,33.2438,11.0813,0
36.5681,11.0813,11.0813,-54.8522,-16.6219,0,-24.3788,-12.1894,-6.09469,42.6628,12.1894,5.54063
27.7031,18.2841,6.09469,-22.1625,-12.1894,-12.1894,-44.325,-16.6219,-5.54063,27.7031,11.0813,6.09469
36.5681,22.1625,0,-18.2841,-16.6219,-5.54063,-24.3788,-18.2841,-6.09469,36.5681,6.09469,11.0813
27.7031,18.2841,12.1894,-22.1625,-12.1894,-6.09469,-22.1625,-16.6219,-5.54063,27.7031,16.6219,6.09469
24.3788,16.6219,11.0813,-24.3788,-11.0813,-5.54063,-24.3788,-12.1894,-6.09469,30.4734,12.1894,11.0813
27.7031,24.3788,6.09469,-27.7031,-24.3788,-6.09469,-27.7031,-16.6219,-5.54063,33.2438,16.6219,6.09469
79.231,16.6219,5.54063,-36.5681,-11.0813,-11.0813,-30.4734,-6.09469,-6.09469,36.5681,18.2841,5.54063
33.2438,18.2841,6.09469,-27.7031,-12.1894,-6.09469,-33.2438,-16.6219,-5.54063,38.7844,11.0813,6.09469
30.4734,16.6219,5.54063,-24.3788,-11.0813,-5.54063,-24.3788,-6.09469,-12.1894,30.4734,18.2841,11.0813
22.1625,36.5681,12.1894,-27.7031,-12.1894,-6.09469,-22.1625,-16.6219,0,33.2438,16.6219,0
30.4734,11.0813,5.54063,-24.3788,-5.54063,-5.54063,-24.3788,-6.09469,-12.1894,30.4734,12.1894,0
33.2438,18.2841,6.09469,-22.1625,-18.2841,-6.09469,-22.1625,-16.6219,-5.54063,27.7031,16.6219,6.09469
30.4734,11.0813,5.54063,-24.3788,-5.54063,-5.54063,-24.3788,-6.09469,-6.09469,42.6628,24.3788,5.54063
38.7844,24.3788,12.1894,-27.7031,-12.1894,0,-22.1625,-16.6219,0,33.2438,11.0813,12.1894
30.4734,16.6219,5.54063,-30.4734,-11.0813,-5.54063,-24.3788,-6.09469,-6.09469,73.1363,12.1894,5.54063
33.2438,18.2841,12.1894,-27.7031,-12.1894,-6.09469,-27.7031,-27.7031,-5.54063,27.7031,16.6219,0
30.4734,22.1625,11.0813,-36.5681,-11.0813,-5.54063,-30.4734,-18.2841,-6.09469,30.4734,6.09469,11.0813
22.1625,18.2841,6.09469,-49.8656,-18.2841,-6.09469,-27.7031,-16.6219,-5.54063,27.7031,11.0813,6.09469
30.4734,16.6219,11.0813,-24.3788,-11.0813,-11.0813,-24.3788,-18.2841,0,42.6628,12.1894,5.54063
33.2438,24.3788,6.09469,-22.1625,-30.4734,0,-44.325,-11.0813,-11.0813,38.7844,11.0813,6.09469
36.5681,16.6219,5.54063,-24.3788,-11.0813,-5.54063,-18.2841,-18.2841,-6.09469,30.4734,12.1894,5.54063
38.7844,18.2841,12.1894,-22.1625,-12.1894,-12.1894,-27.7031,-11.0813,-5.54063,33.2438,16.6219,6.09469
30.4734,11.0813,5.54063,-36.5681,-11.0813,-5.54063,-30.4734,-12.1894,0,0,12.1894,5.54063
55.4063,18.2841,6.09469,-33.2438,-12.1894,0,-27.7031,-16.6219,-5.54063,33.2438,16.6219,6.09469
30.4734,16.6219,16.6219,-24.3788,-11.0813,-5.54063,-24.3788,-12.1894,-6.09469,30.4734,18.2841,5.54063
27.7031,18.2841,0,-22.1625,-18.2841,-6.09469,-27.7031,-11.0813,-5.54063,22.1625,16.6219,6.09469
42.6628,33.2438,11.0813,-24.3788,-5.54063,-5.54063,-30.4734,-12.1894,-6.09469,30.4734,12.1894,0
33.2438,18.2841,6.09469,-22.1625,-12.1894,0,-22.1625,-5.54063,0,77.5688,16.6219,6.09469
42.6628,22.1625,5.54063,-24.3788,-11.0813,-5.54063,-18.2841,-12.1894,-6.09469,36.5681,6.09469,5.54063
27.7031,18.2841,12.1894,-22.1625,-12.1894,-6.09469,-22.1625,-27.7031,-5.54063,33.2438,16.6219,6.09469
30.4734,16.6219,5.54063,-30.4734,-11.0813,-5.54063,-24.3788,0,-6.09469,24.3788,24.3788,5.54063
27.7031,24.3788,6.09469,-33.2438,-12.1894,-6.09469,-27.7031,-11.0813,0,27.7031,11.0813,6.09469
73.1363,16.6219,5.54063,-30.4734,-5.54063,-5.54063,-67.0416,-12.1894,0,30.4734,12.1894,0
33.2438,18.2841,6.09469,-27.7031,-18.2841,-6.09469,-27.7031,-22.1625,-5.54063,38.7844,11.0813,6.09469
36.5681,16.6219,5.54063,-48.7575,-27.7031,-5.54063,-24.3788,-12.1894,-12.1894,42.6628,12.1894,11.0813
27.7031,18.2841,6.09469,-22.1625,-12.1894,-6.09469,-22.1625,-11.0813,0,33.2438,11.0813,6.09469
36.5681,16.6219,11.0813,-18.2841,-11.0813,-5.54063,0,-18.2841,-6.09469,36.5681,0,5.54063
22.1625,12.1894,6.09469,-22.1625,0,0,-16.6219,-16.6219,-5.54063,22.1625,11.0813,6.09469
36.5681,33.2438,5.54063,-24.3788,-16.6219,-11.0813,-24.3788,-12.1894,0,30.4734,24.3788,5.54063
33.2438,18.2841,12.1894,-22.1625,-12.1894,-6.09469,-27.7031,-16.6219,-5.54063,27.7031,11.0813,6.09469
36.5681,11.0813,5.54063,-36.5681,-16.6219,-5.54063,-30.4734,-6.09469,-6.09469,42.6628,12.1894,5.54063
33.2438,24.3788,6.09469,-33.2438,-6.09469,-6.09469,-27.7031,-16.6219,-11.0813,38.7844,22.1625,6.09469
36.5681,22.1625,11.0813,-24.3788,-16.6219,-5.54063,-60.9469,-24.3788,0,30.4734,30.4734,5.54063
22.1625,0,6.09469,-22.1625,-12.1894,-6.09469,-27.7031,-5.54063,-11.0813,27.7031,16.6219,6.09469
30.4734,16.6219,5.54063,-24.3788,-11.0813,-5.54063,-24.3788,-18.2841,-6.09469,30.4734,6.09469,11.0813
27.7031,18.2841,12.1894,-33.2438,-6.09469,-6.09469,-16.6219,-11.0813,-5.54063,27.7031,16.6219,6.09469
36.5681,16.6219,11.0813,-24.3788,-11.0813,-5.54063,-24.3788,-18.2841,0,36.5681,12.1894,5.54063
38.7844,18.2841,6.09469,-33.2438,-12.1894,-6.09469,-22.1625,-16.6219,-5.54063,77.5688,11.0813,18.2841
36.5681,16.6219,11.0813,0,-11.0813,-5.54063,-24.3788,-12.1894,-6.09469,30.4734,12.1894,0
55.4063,12.1894,6.09469,-27.7031,-24.3788,-6.09469,-27.7031,-16.6219,-5.54063,27.7031,11.0813,6.09469
30.4734,16.6219,5.54063,-30.4734,-5.54063,-11.0813,-30.4734,-12.1894,-6.09469,36.5681,12.1894,11.0813
27.7031,18.2841,12.1894,-33.2438,-18.2841,-6.09469,-27.7031,-16.6219,-5.54063,22.1625,11.0813,6.09469
30.4734,16.6219,5.54063,-24.3788,-11.0813,-5.54063,-24.3788,-30.4734,-6.09469,36.5681,18.2841,5.54063
33.2438,36.5681,12.1894,-22.1625,-18.2841,-12.1894,-16.6219,-11.0813,-5.54063,33.2438,11.0813,6.09469
0,22.1625,11.0813,-24.3788,-11.0813,-5.54063,-24.3788,-18.2841,-6.09469,42.6628,18.2841,5.54063
38.7844,24.3788,6.09469,-22.1625,-12.1894,0,-16.6219,-5.54063,-11.0813,33.2438,11.0813,6.09469
30.4734,16.6219,5.54063,-36.5681,-16.6219,-5.54063,-24.3788,-18.2841,-6.09469,36.5681,18.2841,5.54063
33.2438,18.2841,6.09469,-27.7031,-12.1894,-6.09469,-22.1625,-5.54063,0,27.7031,33.2438,0
30.4734,16.6219,5.54063,-30.4734,-11.0813,-5.54063,-24.3788,0,-6.09469,30.4734,12.1894,5.54063
22.1625,18.2841,12.1894,-27.7031,-12.1894,-6.09469,-55.4063,-16.6219,0,38.7844,16.6219,12.1894
30.4734,16.6219,5.54063,-30.4734,-11.0813,0,-30.4734,-6.09469,-6.09469,36.5681,12.1894,5.54063
38.7844,12.1894,6.09469,-44.325,-12.1894,-6.09469,-22.1625,-16.6219,-5.54063,38.7844,16.6219,6.09469
36.5681,16.6219,5.54063,-24.3788,-11.0813,-5.54063,-18.2841,-30.4734,0,36.5681,12.1894,5.54063
33.2438,18.2841,6.09469,-27.7031,-24.3788,-6.09469,-16.6219,-16.6219,-5.54063,27.7031,11.0813,6.09469
60.9469,11.0813,5.54063,-30.4734,-11.0813,-5.54063,-24.3788,-12.1894,-6.09469,60.9469,12.1894,5.54063
27.7031,18.2841,6.09469,-27.7031,-12.1894,0,-22.1625,-16.6219,0,38.7844,11.0813,0
30.4734,22.1625,11.0813,-36.5681,-11.0813,-5.54063,-24.3788,-18.2841,-6.09469,42.6628,12.1894,5.54063
27.7031,18.2841,12.1894,-27.7031,-6.09469,-6.09469,-27.7031,-11.0813,-11.0813,33.2438,11.0813,12.1894
42.6628,38.7844,5.54063,-24.3788,-11.0813,-5.54063,-30.4734,-18.2841,0,36.5681,18.2841,0
33.2438,18.2841,6.09469,-22.1625,-6.09469,0,-27.7031,-11.0813,-5.54063,27.7031,5.54063,6.09469
36.5681,16.6219,5.54063,-24.3788,-16.6219,-5.54063,-24.3788,-12.1894,0,24.3788,18.2841,5.54063
27.7031,12.1894,6.09469,-22.1625,-6.09469,-6.09469,-22.1625,-16.6219,-5.54063,33.2438,16.6219,6.09469
24.3788,16.6219,11.0813,-24.3788,-27.7031,-11.0813,-24.3788,-12.1894,-6.09469,36.5681,12.1894,5.54063
33.2438,18.2841,12.1894,-22.1625,-18.2841,0,-22.1625,-11.0813,0,38.7844,16.6219,6.09469
30.4734,16.6219,5.54063,-30.4734,-11.0813,-5.54063,-42.6628,-12.1894,-6.09469,36.5681,30.4734,5.54063
33.2438,12.1894,6.09469,-27.7031,-12.1894,-6.09469,-27.7031,-11.0813,-5.54063,33.2438,16.6219,6.09469
36.5681,16.6219,11.0813,-24.3788,-11.0813,0,-30.4734,-12.1894,0,24.3788,12.1894,5.54063
60.9469,24.3788,0,-22.1625,-12.1894,-6.09469,-27.7031,-16.6219,-11.0813,27.7031,11.0813,6.09469
30.4734,16.6219,5.54063,-24.3788,-16.6219,-5.54063,-30.4734,-12.1894,0,30.4734,18.2841,5.54063
27.7031,18.2841,18.2841,-16.6219,0,-6.09469,-27.7031,-27.7031,-5.54063,60.9469,11.0813,6.09469
30.4734,22.1625,11.0813,-18.2841,-5.54063,0,-24.3788,-18.2841,-6.09469,42.6628,12.1894,5.54063
38.7844,18.2841,6.09469,-27.7031,-12.1894,-6.09469,-16.6219,-16.6219,0,33.2438,11.0813,6.09469
36.5681,16.6219,5.54063,-18.2841,-11.0813,-11.0813,-24.3788,-18.2841,-12.1894,36.5681,12.1894,5.54063
33.2438,24.3788,6.09469,-16.6219,-12.1894,-6.09469,-22.1625,-11.0813,-5.54063,22.1625,5.54063,12.1894
30.4734,11.0813,11.0813,-18.2841,-11.0813,-5.54063,-30.4734,-18.2841,-6.09469,24.3788,12.1894,0
27.7031,18.2841,6.09469,-16.6219,-12.1894,0,-27.7031,-16.6219,-5.54063,33.2438,11.0813,6.09469
30.4734,33.2438,5.54063,-18.2841,-11.0813,-5.54063,-30.4734,-12.1894,-6.09469,42.6628,24.3788,16.6219
33.2438,12.1894,12.1894,-11.0813,-12.1894,-6.09469,-55.4063,-11.0813,-5.54063,33.2438,16.6219,6.09469
42.6628,16.6219,5.54063,-18.2841,-11.0813,-5.54063,-18.2841,-18.2841,-6.09469,36.5681,12.1894,5.54063
33.2438,24.3788,0,-16.6219,-12.1894,-6.09469,-16.6219,-5.54063,-5.54063,27.7031,16.6219,6.09469
30.4734,16.6219,11.0813,-12.1894,-27.7031,-5.54063,0,-18.2841,-6.09469,60.9469,18.2841,5.54063
27.7031,24.3788,6.09469,-11.0813,-12.1894,-6.09469,-22.1625,-11.0813,-5.54063,27.7031,11.0813,6.09469
24.3788,16.6219,5.54063,-12.1894,-16.6219,-5.54063,-24.3788,-18.2841,-6.09469,42.6628,0,5.54063
27.7031,24.3788,12.1894,-16.6219,-18.2841,-12.1894,-22.1625,-11.0813,0,27.7031,16.6219,0
67.0416,11.0813,5.54063,-6.09469,-5.54063,-5.54063,-30.4734,-30.4734,-12.1894,36.5681,6.09469,11.0813
33.2438,24.3788,6.09469,-11.0813,-18.2841,-6.09469,-27.7031,-11.0813,-5.54063,27.7031,16.6219,0
